Label,0
Atelectasis,0.36489053291378953
Cardiomegaly,0.44104599988988724
Consolidation,0.11256724536830005
Edema,0.46770387300664745
Enlarged Cardiomediastinum,0.05614225837775663
Fracture,0.041511416511539334
Lung Lesion,0.0652809594770004
Lung Opacity,0.4236957781076492
No Finding,0.48545361841628215
Pleural Effusion,0.7280664614512098
Pleural Other,0.05598251106849145
Pneumonia,0.1541310631935423
Pneumothorax,0.08127306569651034
Support Devices,0.7109495159541004
