Label,0
Atelectasis,0.7338020045718306
Cardiomegaly,0.7520824426821381
Consolidation,0.687045478490795
Edema,0.8057254580664382
Enlarged Cardiomediastinum,0.6176910667473281
Fracture,0.5670330013050822
Lung Lesion,0.6499589539345302
Lung Opacity,0.6508591327162682
No Finding,0.777740616328319
Pleural Effusion,0.869572350196704
Pleural Other,0.7179938642123516
Pneumonia,0.6134614766804006
Pneumothorax,0.7556635648609726
Support Devices,0.8472976635827636
