Label,0
Atelectasis,0.714723171755127
Cardiomegaly,0.7431148142344293
Consolidation,0.725238748530093
Edema,0.8168285908632973
Enlarged Cardiomediastinum,0.6890707452057144
Fracture,0.7213683568348515
Lung Lesion,0.686892189302028
Lung Opacity,0.669957998964791
No Finding,0.7806257663858234
Pleural Effusion,0.8521422410040913
Pleural Other,0.860170135918639
Pneumonia,0.6634761792862861
Pneumothorax,0.7660540662058113
Support Devices,0.8393768798182113
