Label,0
Atelectasis,0.7001397681574608
Cardiomegaly,0.6987550928827854
Consolidation,0.7039280666120277
Edema,0.7885108942517168
Enlarged Cardiomediastinum,0.6438360719035565
Fracture,0.6597704615725912
Lung Lesion,0.6772301710809273
Lung Opacity,0.6569517047362785
No Finding,0.7706074630246934
Pleural Effusion,0.8135360034187222
Pleural Other,0.8474004372207965
Pneumonia,0.624122854779331
Pneumothorax,0.7591805766312595
Support Devices,0.7919805975636953
