Label,0
Atelectasis,0.7174233060674656
Cardiomegaly,0.7536019680608582
Consolidation,0.6876403093040657
Edema,0.8034342130854509
Enlarged Cardiomediastinum,0.6079561542751726
Fracture,0.5949107774219042
Lung Lesion,0.665954039312856
Lung Opacity,0.6541904231317837
No Finding,0.7731797624998052
Pleural Effusion,0.852066071555756
Pleural Other,0.7445727592434178
Pneumonia,0.6180466002204684
Pneumothorax,0.7206569999437981
Support Devices,0.8482131555630564
